



/*Institucion*/
insert into Institucion (nombreI,ubicacion,tipo_Institucion)
values ("HuevoMundo", "Alborada Km 2","Uni");
insert into Institucion (nombreI,ubicacion,tipo_Institucion) 
values ("CasaChica", "Bonaventure Blvd","Uni");
insert into Institucion (nombreI,ubicacion,tipo_Institucion) 
values ("Brawar", "Avenida Las Palmas","Uni");
insert into Institucion (nombreI,ubicacion,tipo_Institucion) 
values ("CasaPequeña", "Bonaventure Blvd","Col");
insert into Institucion (nombreI,ubicacion,tipo_Institucion) 
values ("San Panchos", "Diego de Robles","Uni");
insert into Institucion (nombreI,ubicacion,tipo_Institucion) 
values ("Squidward Community College", "Avenida Paimon","Col");
insert into Institucion (nombreI,ubicacion,tipo_Institucion) 
values ("Instituto Chi Chenol", "plátano Blvd","Esc");
insert into Institucion (nombreI,ubicacion,tipo_Institucion) 
values ("Asuka High School", "Feliz Jueves Street","Col");
insert into Institucion (nombreI,ubicacion,tipo_Institucion) 
values ("EresGuayarte", "Avenida Pedro Rocadébil","Col");
insert into Institucion (nombreI,ubicacion,tipo_Institucion) 
values ("Instituto ZoreLux", "Calle Discordia","Col");
insert into Institucion (nombreI,ubicacion,tipo_Institucion) 
values ("Universidad Gibbs Duhen", "Calle Fundamental","Uni");
insert into Institucion (nombreI,ubicacion,tipo_Institucion) 
values ("Universidad de Artes PeterStudios", "Calle Pedante","Uni");
insert into Institucion (nombreI,ubicacion,tipo_Institucion) 
values ("Centralizada autónoma", "Avenida Central","Col");
insert into Institucion (nombreI,ubicacion,tipo_Institucion) 
values ("Universidad Laica Atea", "Calle Vant Hoff","Uni");
insert into Institucion (nombreI,ubicacion,tipo_Institucion) 
values ("Universidad Ateo Agnóstico", "Lussac Blvd","Uni");
insert into Institucion (nombreI,ubicacion,tipo_Institucion) 
values ("Universidad Mormona El nuevo venir", "Mormonlandia Blvd","Uni");
insert into Institucion (nombreI,ubicacion,tipo_Institucion) 
values ("Universidad Estatal Privada de Guayaquil", "Avenida 10","Uni");
insert into Institucion (nombreI,ubicacion,tipo_Institucion) 
values ("Colegio Henry Law", "Science Street","Col");
insert into Institucion (nombreI,ubicacion,tipo_Institucion) 
values ("Cine grand splendid", "Avenida Tragedia Verdadera","Uni");
insert into Institucion (nombreI,ubicacion,tipo_Institucion) 
values ("Máximo Maximo", "Patico Street","Uni");
insert into Institucion (nombreI,ubicacion,tipo_Institucion) 
values ("Squidward University", "Avenida Paimon ","Uni");



/*Adminn*/
INSERT INTO Adminn (adminID, nombreI, ubicacion, horario_Turno, correo, nombreA) 
VALUES ("ADM00001", "HuevoMundo", "Alborada Km 2", "2012-06-18 10:34:09", "elmorenitoquetuquiere@huebomundo.edu.ec", "Admin 01");

INSERT INTO Adminn (adminID, nombreI, ubicacion, horario_Turno, correo, nombreA) 
VALUES ("ADM00002", "HuevoMundo", "Alborada Km 2", "2012-07-18 11:00:00", "soylarosaquemarchitoelolvido@huevomundo.edu.ec", "Admin 02");

INSERT INTO Adminn (adminID, nombreI, ubicacion, horario_Turno, correo, nombreA) 
VALUES ("ADM00003", "HuevoMundo", "Alborada Km 2", "2012-08-18 9:00:00", "amouwu@huevomundo.edu.ec", "Admin 03");

INSERT INTO Adminn (adminID, nombreI, ubicacion, horario_Turno, correo, nombreA) 
VALUES ("ADM00004", "HuevoMundo", "Alborada Km 2", "2012-07-19 10:00:00", "mujecaballo@huevomundo.edu.ec", "Admin 04");

INSERT INTO Adminn (adminID, nombreI, ubicacion, horario_Turno, correo, nombreA) 
VALUES ("ADM00005", "HuevoMundo", "Alborada Km 2", "2012-07-10 15:00:00", "johnnypeligro@huevomundo.edu.ec", "Admin 05");

INSERT INTO Adminn (adminID, nombreI, ubicacion, horario_Turno, correo, nombreA) 
VALUES ("ADM00006", "HuevoMundo", "Alborada Km 2", "2012-06-10 16:00:00", "jesusofsuburbia@huevomundo.edu.ec", "Admin 06");

INSERT INTO Adminn (adminID, nombreI, ubicacion, horario_Turno, correo, nombreA) 
VALUES ("ADM00007", "HuevoMundo", "Alborada Km 2", "2012-07-7 7:00:00", "sacdiova@huevomundo.edu.ec", "Admin 07");

INSERT INTO Adminn (adminID, nombreI, ubicacion, horario_Turno, correo, nombreA) 
VALUES ("ADM00008", "HuevoMundo", "Alborada Km 2", "2012-08-7 8:00:08", "happysouls@huevomundo.edu.ec", "Admin 08");

INSERT INTO Adminn (adminID, nombreI, ubicacion, horario_Turno, correo, nombreA) 
VALUES ("ADM00009", "HuevoMundo", "Alborada Km 2", "2012-08-9 9:09:08", "heymamas@huevomundo.edu.ec", "Admin 09");

INSERT INTO Adminn (adminID, nombreI, ubicacion, horario_Turno, correo, nombreA) 
VALUES ("ADM00010", "HuevoMundo", "Alborada Km 2", "2012-08-9 10:00:00", "itsnotaphasemom@huevomundo.edu.ec", "Admin 10");

INSERT INTO Adminn (adminID, nombreI, ubicacion, horario_Turno, correo, nombreA) 
VALUES ("ADM00011", "HuevoMundo", "Alborada Km 2", "2011-11-11 11:11:11", "111111111111@huevomundo.edu.ec", "Admin 11");

INSERT INTO Adminn (adminID, nombreI, ubicacion, horario_Turno, correo, nombreA) 
VALUES ("ADM00012", "HuevoMundo", "Alborada Km 2", "2012-12-04 10:30:00", "memebigboy@huevomundo.edu.ec", "Admin 12");

INSERT INTO Adminn (adminID, nombreI, ubicacion, horario_Turno, correo, nombreA) 
VALUES ("ADM00013", "HuevoMundo", "Alborada Km 2", "2012-12-01 10:30:00", "lamamadelamamadelamamad@huevomundo.edu.ec", "Admin 13");

INSERT INTO Adminn (adminID, nombreI, ubicacion, horario_Turno, correo, nombreA) 
VALUES ("ADM00014", "HuevoMundo", "Alborada Km 2", "2012-12-24 15:30:00", "masterdestructor82@huevomundo.edu.ec", "Admin 14");

INSERT INTO Adminn (adminID, nombreI, ubicacion, horario_Turno, correo, nombreA) 
VALUES ("ADM00015", "HuevoMundo", "Alborada Km 2", "2012-12-05 15:00:00", "antonio@huevomundo.edu.ec", "Antonio");

INSERT INTO Adminn (adminID, nombreI, ubicacion, horario_Turno, correo, nombreA) 
VALUES ("ADM00016", "HuevoMundo", "Alborada Km 2", "2012-12-04 15:30:00", "nomorephobes@huevomundo.edu.ec", "Admin 16");

INSERT INTO Adminn (adminID, nombreI, ubicacion, horario_Turno, correo, nombreA) 
VALUES ("ADM00017", "HuevoMundo", "Alborada Km 2", "2012-06-04 15:30:00", "meautodenominoacnostico@huevomundo.edu.ec", "Admin 17");

INSERT INTO Adminn (adminID, nombreI, ubicacion, horario_Turno, correo, nombreA) 
VALUES ("ADM00018", "HuevoMundo", "Alborada Km 2", "2012-06-04 15:30:00", "httperror418imateapot@huevomundo.edu.ec", "Admin 18");

INSERT INTO Adminn (adminID, nombreI, ubicacion, horario_Turno, correo, nombreA) 
VALUES ("ADM00019", "HuevoMundo", "Alborada Km 2", "2012-08-04 15:30:00", "profeporquenosmandoahacer20@huevomundo.edu.ec", "Admin 19");

INSERT INTO Adminn (adminID, nombreI, ubicacion, horario_Turno, correo, nombreA) 
VALUES ("ADM00020", "HuevoMundo", "Alborada Km 2", "2012-06-14 15:30:00", "megustaelqueso@huevomundo.edu.ec", "Admin 20");

INSERT INTO Adminn (adminID, nombreI, ubicacion, horario_Turno, correo, nombreA) 
VALUES ("ADM00021", "Máximo Maximo", "Patico Street", "2012-06-14 15:30:00", "maximoeslomaximo@huevomundo.edu.ec", "Admin 21");




/*Estudiantes*/
insert into Estudiantes (estudianteID,nombreI,ubicacion,adminID, nombreE) values ("EST00001","HuevoMundo", "Alborada Km 2", "ADM00001", "Bobby Tables");

insert into Estudiantes (estudianteID,nombreI,ubicacion,adminID, nombreE) values ("EST00002","HuevoMundo", "Alborada Km 2", "ADM00001", "Kuzco");

insert into Estudiantes (estudianteID,nombreI,ubicacion,adminID, nombreE) values ("EST00003","HuevoMundo", "Alborada Km 2", "ADM00001", "Chep");

insert into Estudiantes (estudianteID,nombreI,ubicacion,adminID, nombreE) values ("EST00004","HuevoMundo", "Alborada Km 2", "ADM00001", "Andrius");

insert into Estudiantes (estudianteID,nombreI,ubicacion,adminID, nombreE) values ("EST00005","HuevoMundo", "Alborada Km 2", "ADM00002", "Socrates");

insert into Estudiantes (estudianteID,nombreI,ubicacion,adminID, nombreE) values ("EST00006","HuevoMundo", "Alborada Km 2", "ADM00002", "Adriana");

insert into Estudiantes (estudianteID,nombreI,ubicacion,adminID, nombreE) values ("EST00007","HuevoMundo", "Alborada Km 2", "ADM00002", "Analia");

insert into Estudiantes (estudianteID,nombreI,ubicacion,adminID, nombreE) values ("EST00008","HuevoMundo", "Alborada Km 2", "ADM00002", "playdo");

insert into Estudiantes (estudianteID,nombreI,ubicacion,adminID, nombreE) values ("EST00009","Máximo Maximo", "Patico Street", "ADM00021", "patico");

insert into Estudiantes (estudianteID,nombreI,ubicacion,adminID, nombreE) values ("EST00010","Máximo Maximo", "Patico Street", "ADM00021", "matenme");

insert into Estudiantes (estudianteID,nombreI,ubicacion,adminID, nombreE) values ("EST00011","Máximo Maximo", "Patico Street", "ADM00021", "meme");

insert into Estudiantes (estudianteID,nombreI,ubicacion,adminID, nombreE) values ("EST00012","Máximo Maximo", "Patico Street", "ADM00021", "tragedia");

insert into Estudiantes (estudianteID,nombreI,ubicacion,adminID, nombreE) values ("EST00013","Máximo Maximo", "Patico Street", "ADM00021", "hola");

insert into Estudiantes (estudianteID,nombreI,ubicacion,adminID, nombreE) values ("EST00014","Máximo Maximo", "Patico Street", "ADM00021", "catorce");

insert into Estudiantes (estudianteID,nombreI,ubicacion,adminID, nombreE) values ("EST00015","HuevoMundo", "Alborada Km 2", "ADM00004", "Maaaaaaximo");

insert into Estudiantes (estudianteID,nombreI,ubicacion,adminID, nombreE) values ("EST00016","HuevoMundo", "Alborada Km 2", "ADM00004", "Decomori");

insert into Estudiantes (estudianteID,nombreI,ubicacion,adminID, nombreE) values ("EST00017","HuevoMundo", "Alborada Km 2", "ADM00004", "SacDiOV");

insert into Estudiantes (estudianteID,nombreI,ubicacion,adminID, nombreE) values ("EST00018","HuevoMundo", "Alborada Km 2", "ADM00004", "Queso");

insert into Estudiantes (estudianteID,nombreI,ubicacion,adminID, nombreE) values ("EST00019","Máximo Maximo", "Patico Street", "ADM00021", "memebigboy");

insert into Estudiantes (estudianteID,nombreI,ubicacion,adminID, nombreE) values ("EST00020","Máximo Maximo", "Patico Street", "ADM00021", "TERMINEEEE");

insert into Estudiantes (estudianteID,nombreI,ubicacion,adminID, nombreE) values ("EST00021","HuevoMundo", "Alborada Km 2", "ADM00015", "Atahualpa");


/*Profesores*/
insert into Profesores (profesorID,nombreI,ubicacion,adminID, nombreP)
values ("PRF00001","HuevoMundo", "Alborada Km 2", "ADM00001", "El pepe");

insert into Profesores(profesorID, nombreI, ubicacion, adminID, nombreP) 
values("PRF00002", "HuevoMundo", "Alborada Km 2", null, "JulioProfe");

insert into Profesores(profesorID, nombreI, ubicacion, adminID, nombreP) 
values("PRF00003", "HuevoMundo", "Alborada Km 2", null, "Groovey Pauli");

insert into Profesores(profesorID, nombreI, ubicacion, adminID, nombreP) 
values("PRF00004", "HuevoMundo", "Alborada Km 2", null, "Ernesto Malgesto");

insert into Profesores(profesorID, nombreI, ubicacion, adminID, nombreP) 
values("PRF00005", "HuevoMundo", "Alborada Km 2", null, "Buena Vibra");

insert into Profesores(profesorID, nombreI, ubicacion, adminID, nombreP) 
values("PRF00006", "HuevoMundo", "Alborada Km 2", null, "Mega Mente");

insert into Profesores(profesorID, nombreI, ubicacion, adminID, nombreP) 
values("PRF00007", "HuevoMundo", "Alborada Km 2", null, "Xiao");

insert into Profesores(profesorID, nombreI, ubicacion, adminID, nombreP) 
values("PRF00008", "HuevoMundo", "Alborada Km 2", null, "Viracocha");

insert into Profesores(profesorID, nombreI, ubicacion, adminID, nombreP) 
values("PRF00009", "HuevoMundo", "Alborada Km 2", null, "Papu");

insert into Profesores(profesorID, nombreI, ubicacion, adminID, nombreP) 
values("PRF00010", "HuevoMundo", "Alborada Km 2", null, "Don Macario");

insert into Profesores(profesorID, nombreI, ubicacion, adminID, nombreP)
values ("PRF00011", "Máximo Maximo", "Patico Street", null, "Akari");

insert into Profesores(profesorID, nombreI, ubicacion, adminID, nombreP)
values ("PRF00012", "Máximo Maximo", "Patico Street", null, "Mifuyu");

insert into Profesores(profesorID, nombreI, ubicacion, adminID, nombreP)
values ("PRF00013", "Máximo Maximo", "Patico Street", null, "Alina");

insert into Profesores(profesorID, nombreI, ubicacion, adminID, nombreP)
values ("PRF00014", "Máximo Maximo", "Patico Street", null, "Rena");

insert into Profesores(profesorID, nombreI, ubicacion, adminID, nombreP)
values ("PRF00015", "Máximo Maximo", "Patico Street", null, "Momoko");

insert into Profesores(profesorID, nombreI, ubicacion, adminID, nombreP)
values ("PRF00016", "Máximo Maximo", "Patico Street", null, "Kaede");

insert into Profesores(profesorID, nombreI, ubicacion, adminID, nombreP)
values ("PRF00017","Squidward University", "Avenida Paimon ", null, "Perico Pirata");

insert into Profesores(profesorID, nombreI, ubicacion, adminID, nombreP)
values ("PRF00018","Squidward University", "Avenida Paimon ", null, "No se que nombre ponerle");

insert into Profesores(profesorID, nombreI, ubicacion, adminID, nombreP)
values ("PRF00019","Squidward University", "Avenida Paimon ", null, "nombre chido");

insert into Profesores(profesorID, nombreI, ubicacion, adminID, nombreP)
values ("PRF00020","Squidward University", "Avenida Paimon ", null, "Dio");




/*CURSO*/
insert into Curso (cursoID, profesorID, nombreI, ubicacion, horas_semanales, materia)
values("CUR00001", "PRF00001", "HuevoMundo", "Alborada Km 2", "09:30:00", "Lengua y Literatura");

insert into Curso (cursoID, profesorID, nombreI, ubicacion, horas_semanales, materia)
values("CUR00002", "PRF00001", "HuevoMundo", "Alborada Km 2", "06:00:00", "Lengua y Literatura");

insert into Curso (cursoID, profesorID, nombreI, ubicacion, horas_semanales, materia)
values("CUR00003", "PRF00002", "HuevoMundo", "Alborada Km 2", "08:00:00", "Matematicas");

insert into Curso (cursoID, profesorID, nombreI, ubicacion, horas_semanales, materia)
values("CUR00004", "PRF00002", "HuevoMundo", "Alborada Km 2", "08:00:00", "Matematicas");

insert into Curso (cursoID, profesorID, nombreI, ubicacion, horas_semanales, materia)
values("CUR00005", "PRF00002", "HuevoMundo", "Alborada Km 2", "06:00:00", "Fisica");

insert into Curso (cursoID, profesorID, nombreI, ubicacion, horas_semanales, materia)
values("CUR00006", "PRF00003", "HuevoMundo", "Alborada Km 2", "04:00:00", "Chino");

insert into Curso (cursoID, profesorID, nombreI, ubicacion, horas_semanales, materia)
values("CUR00007", "PRF00003", "HuevoMundo", "Alborada Km 2", "04:00:00", "Chino");

insert into Curso (cursoID, profesorID, nombreI, ubicacion, horas_semanales, materia)
values("CUR00008", "PRF00004", "HuevoMundo", "Alborada Km 2", "02:00:00", "Educacion Fisica");

insert into Curso (cursoID, profesorID, nombreI, ubicacion, horas_semanales, materia)
values("CUR00009", "PRF00005", "HuevoMundo", "Alborada Km 2", "06:00:00", "Educacion Fisica");

insert into Curso (cursoID, profesorID, nombreI, ubicacion, horas_semanales, materia)
values("CUR00010", "PRF00006", "HuevoMundo", "Alborada Km 2", "06:00:00", "Espiritualidad");

insert into Curso (cursoID, profesorID, nombreI, ubicacion, horas_semanales, materia)
values ("CUR00011","PRF00013", "Máximo Maximo", "Patico Street","02:00:00","Dibujo tecnico");

insert into Curso (cursoID, profesorID, nombreI, ubicacion, horas_semanales, materia)
values ("CUR00012","PRF00013", "Máximo Maximo", "Patico Street","02:00:00","Dibujo tecnico");

insert into Curso (cursoID, profesorID, nombreI, ubicacion, horas_semanales, materia)
values ("CUR00013","PRF00011", "Máximo Maximo", "Patico Street","02:00:00","Dibujo tecnico");

insert into Curso (cursoID, profesorID, nombreI, ubicacion, horas_semanales, materia)
values ("CUR00014","PRF00011", "Máximo Maximo", "Patico Street","02:00:00","Dibujo tecnico");

insert into Curso (cursoID, profesorID, nombreI, ubicacion, horas_semanales, materia)
values ("CUR00015","PRF00012", "Máximo Maximo", "Patico Street","04:00:00","Base de datos");

insert into Curso (cursoID, profesorID, nombreI, ubicacion, horas_semanales, materia)
values ("CUR00016","PRF00014", "Máximo Maximo", "Patico Street","04:00:00","Algebra Lineal");

insert into Curso (cursoID, profesorID, nombreI, ubicacion, horas_semanales, materia)
values ("CUR00017","PRF00014", "Máximo Maximo", "Patico Street","04:00:00","Mate Discretas");

insert into Curso (cursoID, profesorID, nombreI, ubicacion, horas_semanales, materia)
values ("CUR00018","PRF00015", "Máximo Maximo", "Patico Street","04:00:00","FDP");

insert into Curso (cursoID, profesorID, nombreI, ubicacion, horas_semanales, materia)
values ("CUR00019","PRF00015", "Máximo Maximo", "Patico Street","04:00:00","FDP");

insert into Curso (cursoID, profesorID, nombreI, ubicacion, horas_semanales, materia)
values ("CUR00020","PRF00015", "Máximo Maximo", "Patico Street","04:00:00","FDP");


/*Ensenar*/
insert into Ensenar(profesorID, estudianteID)
values ("PRF00001", "EST00001");
insert into Ensenar(profesorID, estudianteID)
values ("PRF00001", "EST00002");
insert into Ensenar(profesorID, estudianteID)
values ("PRF00001", "EST00003");
insert into Ensenar(profesorID, estudianteID)
values ("PRF00001", "EST00004");
insert into Ensenar(profesorID, estudianteID)
values ("PRF00001", "EST00005");
insert into Ensenar(profesorID, estudianteID)
values ("PRF00002", "EST00001");
insert into Ensenar(profesorID, estudianteID)
values ("PRF00002", "EST00003");
insert into Ensenar(profesorID, estudianteID)
values ("PRF00002", "EST00006");
insert into Ensenar(profesorID, estudianteID)
values ("PRF00002", "EST00007");
insert into Ensenar(profesorID, estudianteID)
values ("PRF00002", "EST00008");
insert into Ensenar(profesorID, estudianteID)
values ("PRF00012","EST00009");

insert into Ensenar(profesorID, estudianteID)
values ("PRF00015","EST00009");

insert into Ensenar(profesorID, estudianteID)
values ("PRF00015","EST00019");

insert into Ensenar(profesorID, estudianteID)
values ("PRF00014","EST00009");

insert into Ensenar(profesorID, estudianteID)
values ("PRF00013","EST00009");

insert into Ensenar(profesorID, estudianteID)
values ("PRF00011","EST00019");

insert into Ensenar(profesorID, estudianteID)
values ("PRF00012","EST00011");

insert into Ensenar(profesorID, estudianteID)
values ("PRF00015","EST00011");

insert into Ensenar(profesorID, estudianteID)
values ("PRF00015","EST00012");

insert into Ensenar(profesorID, estudianteID)
values ("PRF00014","EST00012");





/*Actividades*/
insert into Actividades (actividadID,profesorID,cursoID,fecha_Entrega,descripcion)
values ("AC000001","PRF00001","CUR00001", "2021-07-28 23:59:59","Deber04: Analisis literario de la obra La Metamorfosis de Franz Kafka.");

insert into Actividades (actividadID,profesorID,cursoID,fecha_Entrega,descripcion)
values ("AC000002","PRF00003","CUR00006", "2021-07-29 23:59:59","Debere02: Escribir cada pigua visto en clase cinco veces.");

insert into Actividades (actividadID,profesorID,cursoID,fecha_Entrega,descripcion)
values ("AC000003","PRF00001","CUR00001", "2021-08-04 23:59:59","Deber05: Analizar semanticamente un fragmento de la tragedia Fausto de Goethe.");

insert into Actividades (actividadID,profesorID,cursoID,fecha_Entrega,descripcion)
values ("AC000004","PRF00002","CUR00003", "2021-08-05 23:59:59","CL04: Axiomas.");

insert into Actividades (actividadID,profesorID,cursoID,fecha_Entrega,descripcion)
values ("AC000005","PRF00001","CUR00001", "2021-08-19 23:59:59","Deber06: Analizar sintacticamente la obra epica griega La Iliada de Homero.");

insert into Actividades (actividadID,profesorID,cursoID,fecha_Entrega,descripcion)
values ("AC000006","PRF00002","CUR00005", "2021-08-05 13:59:59","CL03: Leyes de Newton.");

insert into Actividades (actividadID,profesorID,cursoID,fecha_Entrega,descripcion)
values ("AC000007","PRF00001","CUR00001", "2021-08-25 23:59:59","Deber07: Analizar morfologicamente la novela grafica Watchmen de Alan Moore.");

insert into Actividades (actividadID,profesorID,cursoID,fecha_Entrega,descripcion)
values ("AC000008","PRF00003","CUR00006", "2021-08-25 13:59:59","CL03: Prueba de conversacion.");

insert into Actividades (actividadID,profesorID,cursoID,fecha_Entrega,descripcion)
values ("AC000009","PRF00001","CUR00001", "2021-09-09 23:59:59","Deber08: Apreciar la obra maestra de la literatura El Libro Troll de El Rubius.");

insert into Actividades (actividadID,profesorID,cursoID,fecha_Entrega,descripcion)
values ("AC000010","PRF00002","CUR00003", "2021-09-15 23:59:59","Deber07: Resolver los ejercicos de la pagina 678.");

insert into Actividades(actividadID,profesorID,cursoID,fecha_Entrega,descripcion)
values ("AC000011","PRF00015","CUR00019","2021-08-04 23:59:00","Deber01: Realizar una funcion recursiva de Fibonacci");

insert into Actividades(actividadID,profesorID,cursoID,fecha_Entrega,descripcion)
values ("AC000012","PRF00015","CUR00019","2021-08-10 23:59:00","Deber02: Analizar el tiempo de ejecucion de una linkedList al buscar un dato por indice");

insert into Actividades(actividadID,profesorID,cursoID,fecha_Entrega,descripcion)
values ("AC000013","PRF00015","CUR00019","2021-08-21 23:59:00","Deber03: Realizar el modelo de memoria de la funcion mostrada en clase");

insert into Actividades(actividadID,profesorID,cursoID,fecha_Entrega,duracion_Actividad,descripcion)
values ("AC000014","PRF00014","CUR00017","2021-08-21 12:00:00","01:00:00","Control de Lectura 1 (Estudiar Grafos)");

insert into Actividades(actividadID,profesorID,cursoID,fecha_Entrega,duracion_Actividad,descripcion)
values ("AC000015","PRF00014","CUR00016","2021-08-21 12:00:00","01:00:00","Control de Lectura 1 (Estudiar Ortonormalizacion)");

insert into Actividades(actividadID,profesorID,cursoID,fecha_Entrega,descripcion)
values ("AC000016","PRF00012","CUR00015","2021-07-28 23:59:59","Avance 05: Base de datos completa y consultas SQL");

insert into Actividades(actividadID,profesorID,cursoID,fecha_Entrega,descripcion)
values ("AC000017","PRF00015","CUR00018","2021-08-04 23:59:00","Deber01: Realizar una funcion recursiva de Fibonacci");

insert into Actividades(actividadID,profesorID,cursoID,fecha_Entrega,descripcion)
values ("AC000018","PRF00015","CUR00020","2021-08-04 23:59:00","Deber01: Realizar una funcion recursiva de Fibonacci");

insert into Actividades(actividadID,profesorID,cursoID,fecha_Entrega,descripcion)
values ("AC000019","PRF00015","CUR00018","2021-08-10 23:59:00","Deber02: Analizar el tiempo de ejecucion de una linkedList al buscar un dato por indice");

insert into Actividades(actividadID,profesorID,cursoID,fecha_Entrega,descripcion)
values ("AC000020","PRF00015","CUR00018","2021-08-10 23:59:00","Deber023 Analizar el tiempo de ejecucion de un grafo");

/*Pertenecer*/
insert into Pertenecer (estudianteID, cursoID, horario)
values("EST00001","CUR00001",null);
insert into Pertenecer (estudianteID, cursoID, horario)
values("EST00002","CUR00001",null);
insert into Pertenecer (estudianteID, cursoID, horario)
values("EST00003","CUR00001",null);
insert into Pertenecer (estudianteID, cursoID, horario)
values("EST00004","CUR00002",null);
insert into Pertenecer (estudianteID, cursoID, horario)
values("EST00005","CUR00002",null);
insert into Pertenecer (estudianteID, cursoID, horario)
values("EST00001","CUR00003",null);
insert into Pertenecer (estudianteID, cursoID, horario)
values("EST00003","CUR00003",null);
insert into Pertenecer (estudianteID, cursoID, horario)
values("EST00006","CUR00004",null);
insert into Pertenecer (estudianteID, cursoID, horario)
values("EST00007","CUR00004",null);
insert into Pertenecer (estudianteID, cursoID, horario)
values("EST00008","CUR00005",null);

insert into Pertenecer (estudianteID, cursoID, horario)
values ("EST00009","CUR00015", null);

insert into Pertenecer (estudianteID, cursoID, horario)
values ("EST00009","CUR00018", null);

insert into Pertenecer (estudianteID, cursoID, horario)
values ("EST00019","CUR00018", null);

insert into Pertenecer (estudianteID, cursoID, horario)
values ("EST00009","CUR00016", null);

insert into Pertenecer (estudianteID, cursoID, horario)
values ("EST00009","CUR00011", null);

insert into Pertenecer (estudianteID, cursoID, horario)
values ("EST00019","CUR00013", null);

insert into Pertenecer (estudianteID, cursoID, horario)
values ("EST00011","CUR00015", null);

insert into Pertenecer (estudianteID, cursoID, horario)
values ("EST00011","CUR00020", null);

insert into Pertenecer (estudianteID, cursoID, horario)
values ("EST00012","CUR00020", null);

insert into Pertenecer (estudianteID, cursoID, horario)
values ("EST00012","CUR00017", null);


/*Trabajos*/
insert into Trabajos (estudianteID, cursoID, actividadID)
values("EST00001","CUR00001","AC000001");
insert into Trabajos (estudianteID, cursoID, actividadID)
values("EST00002","CUR00001","AC000001");
insert into Trabajos (estudianteID, cursoID, actividadID)
values("EST00003","CUR00001","AC000001");
insert into Trabajos (estudianteID, cursoID, actividadID)
values("EST00001","CUR00003","AC000004");
insert into Trabajos (estudianteID, cursoID, actividadID)
values("EST00003","CUR00003","AC000004");
insert into Trabajos (estudianteID, cursoID, actividadID)
values("EST00008","CUR00005","AC000006");
insert into Trabajos (estudianteID, cursoID, actividadID)
values("EST00001","CUR00001","AC000003");
insert into Trabajos (estudianteID, cursoID, actividadID)
values("EST00002","CUR00001","AC000003");
insert into Trabajos (estudianteID, cursoID, actividadID)
values("EST00003","CUR00001","AC000003");
insert into Trabajos (estudianteID, cursoID, actividadID)
values("EST00001","CUR00001","AC000005");
insert into Trabajos (estudianteID, cursoID, actividadID)
values("EST00002","CUR00001","AC000005");
insert into Trabajos (estudianteID, cursoID, actividadID)
values("EST00003","CUR00001","AC000005");

insert into Trabajos(estudianteID, cursoID, actividadID)
values ("EST00009","CUR00015","AC000016");

insert into Trabajos(estudianteID, cursoID, actividadID)
values ("EST00011","CUR00015","AC000016");

insert into Trabajos(estudianteID, cursoID, actividadID)
values ("EST00009","CUR00018","AC000019");

insert into Trabajos(estudianteID, cursoID, actividadID)
values ("EST00019","CUR00018","AC000019");

insert into Trabajos(estudianteID, cursoID, actividadID)
values ("EST00009","CUR00018","AC000017");

insert into Trabajos(estudianteID, cursoID, actividadID)
values ("EST00019","CUR00018","AC000017");

insert into Trabajos(estudianteID, cursoID, actividadID)
values ("EST00009","CUR00016","AC000015");

insert into Trabajos(estudianteID, cursoID, actividadID)
values ("EST00011","CUR00020","AC000018");

insert into Trabajos(estudianteID, cursoID, actividadID)
values ("EST00012","CUR00020","AC000018");

insert into Trabajos(estudianteID, cursoID, actividadID)
values ("EST00011","CUR00020","AC000020");

insert into Trabajos(estudianteID, cursoID, actividadID)
values ("EST00012","CUR00020","AC000020");

insert into Trabajos(estudianteID, cursoID, actividadID)
values ("EST00012","CUR00017","AC000014");
